timestamp, pstate, utilization.gpu [%], power.draw [W], clocks.current.graphics [MHz], temperature.gpu
2026/10/06 17:46:19.195, P8, 0 %, 4.55 W, 210 MHz, 49
2026/10/06 17:46:19.718, P0, 0 %, 20.75 W, 2370 MHz, 50
2026/10/06 17:46:20.231, P0, 1 %, 22.66 W, 2370 MHz, 51
2026/10/06 17:46:20.741, P0, 1 %, 22.54 W, 2370 MHz, 51
2026/10/06 17:46:21.251, P0, 5 %, 22.83 W, 2370 MHz, 51
2026/10/06 17:46:21.764, P0, 5 %, 22.63 W, 2370 MHz, 51
2026/10/06 17:46:22.277, P0, 2 %, 22.63 W, 2370 MHz, 51
2026/10/06 17:46:22.787, P5, 2 %, 22.03 W, 600 MHz, 51
2026/10/06 17:46:23.301, P5, 12 %, 10.75 W, 570 MHz, 50
2026/10/06 17:46:23.809, P5, 12 %, 8.99 W, 465 MHz, 50
2026/10/06 17:46:24.321, P8, 4 %, 8.31 W, 405 MHz, 50
2026/10/06 17:46:24.833, P8, 4 %, 4.88 W, 330 MHz, 50
2026/10/06 17:46:25.342, P8, 0 %, 5.34 W, 285 MHz, 50
2026/10/06 17:46:25.853, P8, 0 %, 5.67 W, 240 MHz, 50
2026/10/06 17:46:26.366, P8, 0 %, 5.43 W, 210 MHz, 50
2026/10/06 17:46:26.881, P8, 0 %, 4.95 W, 210 MHz, 50
2026/10/06 17:46:27.391, P8, 11 %, 4.62 W, 210 MHz, 50
2026/10/06 17:46:27.904, P8, 11 %, 5.59 W, 210 MHz, 50
2026/10/06 17:46:28.412, P8, 0 %, 4.63 W, 210 MHz, 50
2026/10/06 17:46:28.925, P8, 0 %, 4.32 W, 210 MHz, 50
2026/10/06 17:46:29.439, P8, 0 %, 4.95 W, 210 MHz, 50
2026/10/06 17:46:29.948, P8, 0 %, 5.10 W, 210 MHz, 50
2026/10/06 17:46:30.460, P8, 66 %, 6.43 W, 330 MHz, 50
2026/10/06 17:46:30.974, P5, 66 %, 9.93 W, 525 MHz, 50
2026/10/06 17:46:31.482, P5, 38 %, 9.55 W, 525 MHz, 50
2026/10/06 17:46:31.993, P5, 38 %, 9.69 W, 720 MHz, 50
2026/10/06 17:46:32.503, P5, 37 %, 10.04 W, 720 MHz, 50
2026/10/06 17:46:33.016, P5, 37 %, 9.68 W, 735 MHz, 50
2026/10/06 17:46:33.527, P5, 8 %, 9.23 W, 735 MHz, 50
2026/10/06 17:46:34.042, P5, 8 %, 9.57 W, 735 MHz, 50
2026/10/06 17:46:34.551, P5, 27 %, 9.75 W, 510 MHz, 51
2026/10/06 17:46:35.064, P5, 27 %, 10.11 W, 555 MHz, 51
2026/10/06 17:46:35.578, P5, 24 %, 10.50 W, 555 MHz, 50
2026/10/06 17:46:36.089, P5, 24 %, 9.36 W, 555 MHz, 51
2026/10/06 17:46:36.599, P5, 33 %, 9.73 W, 555 MHz, 51
2026/10/06 17:46:37.115, P5, 33 %, 9.48 W, 435 MHz, 51
2026/10/06 17:46:37.626, P8, 30 %, 7.24 W, 405 MHz, 51
2026/10/06 17:46:38.135, P8, 30 %, 6.79 W, 390 MHz, 50
2026/10/06 17:46:38.649, P8, 35 %, 5.85 W, 375 MHz, 50
2026/10/06 17:46:39.161, P5, 10 %, 8.75 W, 465 MHz, 50
2026/10/06 17:46:39.673, P5, 10 %, 8.45 W, 465 MHz, 51
